<?xml version = '1.0' encoding = 'UTF-8'?>
<Entity class="oracle.dbtools.crest.model.design.logical.Entity" directorySegmentName="seg_0" id="96296F84-28B1-1860-6CF3-91DDABCE8D52" name="Animal_Info">
<createdBy>Larisa</createdBy>
<createdTime>2022-11-08 16:58:17 UTC</createdTime>
<comment><![CDATA[general info about animal and its life]]></comment>
<commentInRDBMS><![CDATA[general info about animal and its life]]></commentInRDBMS>
<ownerDesignName>Ceva bun</ownerDesignName>
<engineerTo>
<item key="36A68C80-3A7C-9C3A-0F1F-D6FD2EC2FACD" value="true"/>
</engineerTo>
<adequatelyNormalized>NO</adequatelyNormalized>
<expectedVolumes>0</expectedVolumes>
<fwdEngineeringStrategyName>Single Table</fwdEngineeringStrategyName>
<growthPercent>0</growthPercent>
<growthType>Year</growthType>
<maxVolumes>9999999</maxVolumes>
<minVolumes>0</minVolumes>
<normalForm>Third</normalForm>
<attributes itemClass="oracle.dbtools.crest.model.design.logical.Attribute">
<Attribute name="ID_Animals" id="DAD05F0C-729F-79CC-DA91-379DD8024F1F">
<createdBy>student</createdBy>
<createdTime>2022-11-18 10:32:46 UTC</createdTime>
<generatorID>C99D81D2-9529-DF26-C9EC-E6A5506373D7</generatorID>
<ownerDesignName>Ceva bun</ownerDesignName>
<engineerTo>
<item key="36A68C80-3A7C-9C3A-0F1F-D6FD2EC2FACD" value="true"/>
</engineerTo>
<referedAttribute>9E9D6FDB-3020-EF7A-FE07-EC33A60D525E</referedAttribute>
<useDomainConstraints>false</useDomainConstraints>
<use>1</use>
<logicalDatatype>LOGDT019</logicalDatatype>
<dataTypePrecision>3</dataTypePrecision>
<ownDataTypeParameters>,,</ownDataTypeParameters>
</Attribute>
<Attribute name="Name" id="8B6264AD-39F5-FDB0-5168-FADEEA16F58F">
<createdBy>Larisa</createdBy>
<createdTime>2022-11-08 16:59:05 UTC</createdTime>
<ownerDesignName>Ceva bun</ownerDesignName>
<engineerTo>
<item key="36A68C80-3A7C-9C3A-0F1F-D6FD2EC2FACD" value="true"/>
</engineerTo>
<constraintName>Animal_Info_Name_ck</constraintName>
<useDomainConstraints>false</useDomainConstraints>
<use>1</use>
<logicalDatatype>LOGDT024</logicalDatatype>
<dataTypeSize>50</dataTypeSize>
<checkConstraint>
<implementationDef dbType="Generic Constraint" definition="regexp_like(Name,  &apos;^[a-zA-Z_ ]*$&apos;)"/>
</checkConstraint>
<ownDataTypeParameters>50,,</ownDataTypeParameters>
</Attribute>
<Attribute name="Birth_Date" id="5986AC5F-0F0E-3703-77AC-B7D7EDC6E05C">
<createdBy>Larisa</createdBy>
<createdTime>2022-11-08 17:01:06 UTC</createdTime>
<ownerDesignName>Ceva bun</ownerDesignName>
<engineerTo>
<item key="36A68C80-3A7C-9C3A-0F1F-D6FD2EC2FACD" value="true"/>
</engineerTo>
<useDomainConstraints>false</useDomainConstraints>
<use>1</use>
<logicalDatatype>LOGDT007</logicalDatatype>
<ownDataTypeParameters>,,</ownDataTypeParameters>
</Attribute>
<Attribute name="Gender" id="1DF6214C-F99B-84AC-E3C0-C78E058C3E76">
<createdBy>Larisa</createdBy>
<createdTime>2022-11-08 17:01:44 UTC</createdTime>
<ownerDesignName>Ceva bun</ownerDesignName>
<engineerTo>
<item key="36A68C80-3A7C-9C3A-0F1F-D6FD2EC2FACD" value="true"/>
</engineerTo>
<useDomainConstraints>false</useDomainConstraints>
<use>1</use>
<logicalDatatype>LOGDT024</logicalDatatype>
<dataTypeSize>20</dataTypeSize>
<listOfValues>
<valueDef value="Female" description=""/>
<valueDef value="Male" description=""/>
</listOfValues>
<ownDataTypeParameters>20,,</ownDataTypeParameters>
</Attribute>
</attributes>
<identifiers itemClass="oracle.dbtools.crest.model.design.logical.CandidateKey">
<identifier id="5361CF6F-F8EE-900C-BFED-A2FFD97FF6E1" name="Animals_ID_Animals_uk">
<createdBy>llari</createdBy>
<createdTime>2022-11-17 13:18:30 UTC</createdTime>
<ownerDesignName>Ceva bun</ownerDesignName>
<shouldEngineer>false</shouldEngineer>
<engineerTo>
<item key="36A68C80-3A7C-9C3A-0F1F-D6FD2EC2FACD" value="false"/>
</engineerTo>
<pk>true</pk>
<newElementsIDs>C99D81D2-9529-DF26-C9EC-E6A5506373D7</newElementsIDs>
<usedAttributes>
<attributeRef>DAD05F0C-729F-79CC-DA91-379DD8024F1F</attributeRef>
</usedAttributes>
</identifier>
</identifiers>
</Entity>