<?xml version = '1.0' encoding = 'UTF-8'?>
<Diagram class="oracle.dbtools.crest.swingui.relational.DPVRelational" name="Relational_1" id="F4C44D05-6E5B-2FAE-C652-CB5518F1BD4E">
<createdBy>llari</createdBy>
<modifiedBy>llari</modifiedBy>
<createdTime>2022-11-24 17:34:19 UTC</createdTime>
<autoRoute>false</autoRoute>
<boxInbox>true</boxInbox>
<showLegend>false</showLegend>
<showLabels>true</showLabels>
<showRelAttributes>false</showRelAttributes>
<gridEnabled>false</gridEnabled>
<showGrid>false</showGrid>
<diagramColor>-1</diagramColor>
<display>false</display>
<notation>1</notation>
<objectViews>
<OView class="oracle.dbtools.crest.swingui.relational.TVTable" oid="221AB643-5FBE-EED8-305A-4CC34A980B38" otype="Table" vid="D0E40489-6C36-8FA6-0A96-F8DB3D615B34">
<hideElementsInCurrentOnly>false</hideElementsInCurrentOnly>
<bounds x="732" y="393" width="170" height="110"/>
</OView>
<OView class="oracle.dbtools.crest.swingui.relational.TVTable" oid="283622BB-1818-3CF5-19BC-FCC458B94005" otype="Table" vid="1B605DDE-7CBE-B7F7-0CB7-76E4CCE858CE">
<hideElementsInCurrentOnly>false</hideElementsInCurrentOnly>
<bounds x="121" y="610" width="170" height="110"/>
</OView>
<OView class="oracle.dbtools.crest.swingui.relational.TVTable" oid="511E0D52-5135-DE72-204B-63FF867B15AE" otype="Table" vid="FC054A85-E414-9EF5-7074-FC9BAC3E428D">
<hideElementsInCurrentOnly>false</hideElementsInCurrentOnly>
<bounds x="394" y="240" width="170" height="110"/>
</OView>
<OView class="oracle.dbtools.crest.swingui.relational.TVTable" oid="B8ABDAA0-1F94-64EB-2730-60FFD787807D" otype="Table" vid="BF021A78-F1E6-2519-410F-38C36F9AFFD3">
<hideElementsInCurrentOnly>false</hideElementsInCurrentOnly>
<bounds x="110" y="444" width="170" height="110"/>
</OView>
<OView class="oracle.dbtools.crest.swingui.relational.TVTable" oid="B97C0872-97FC-4DDE-D7D1-C06726A8D5BB" otype="Table" vid="98802B62-B1AB-D3B3-E1CE-68C67B86A948">
<hideElementsInCurrentOnly>false</hideElementsInCurrentOnly>
<bounds x="416" y="614" width="170" height="110"/>
</OView>
<OView class="oracle.dbtools.crest.swingui.relational.TVTable" oid="C9ADDC32-0D0B-476D-3ACA-9125C755D0F7" otype="Table" vid="52CEAF37-4FE1-4C58-3963-9BD9DFF3D400">
<hideElementsInCurrentOnly>false</hideElementsInCurrentOnly>
<bounds x="737" y="518" width="170" height="110"/>
</OView>
<OView class="oracle.dbtools.crest.swingui.relational.TVTable" oid="FC21D89E-13CD-C8E4-AC50-DCB9EA1A789D" otype="Table" vid="B8E126CD-42C1-D64F-C3BC-65694AD40AF5">
<hideElementsInCurrentOnly>false</hideElementsInCurrentOnly>
<bounds x="395" y="451" width="170" height="110"/>
</OView>
</objectViews>
<connectors>
<Connector class="oracle.dbtools.crest.swingui.relational.TVFKRelation" oid="0ABC5DEF-9A5D-46E6-9AB7-48AE4EEDE9E2" otype="FKIndexAssociation" vid_source="52CEAF37-4FE1-4C58-3963-9BD9DFF3D400" vid_target="B8E126CD-42C1-D64F-C3BC-65694AD40AF5">
<hideElementsInCurrentOnly>false</hideElementsInCurrentOnly>
<backgroundColor>-16777216</backgroundColor>
<lineWidth>1</lineWidth>
<centerLabel class="oracle.dbtools.crest.model.design.Label">
<site>1</site>
<labelBounds x="-69" y="-16" width="137" height="30"/>
<noBackgroundColor>true</noBackgroundColor>
<noForegroundColor>true</noForegroundColor>
</centerLabel>
<points>
<point x="737" y="539"/>
<point x="565" y="539"/>
</points>
</Connector>
<Connector class="oracle.dbtools.crest.swingui.relational.TVFKRelation" oid="538D3B9D-EA2B-D7B0-90F7-D02B5BFD7A2B" otype="FKIndexAssociation" vid_source="D0E40489-6C36-8FA6-0A96-F8DB3D615B34" vid_target="B8E126CD-42C1-D64F-C3BC-65694AD40AF5">
<hideElementsInCurrentOnly>false</hideElementsInCurrentOnly>
<backgroundColor>-16777216</backgroundColor>
<lineWidth>1</lineWidth>
<centerLabel class="oracle.dbtools.crest.model.design.Label">
<site>1</site>
<labelBounds x="-72" y="-16" width="142" height="30"/>
<noBackgroundColor>true</noBackgroundColor>
<noForegroundColor>true</noForegroundColor>
</centerLabel>
<points>
<point x="732" y="477"/>
<point x="565" y="477"/>
</points>
</Connector>
<Connector class="oracle.dbtools.crest.swingui.relational.TVFKRelation" oid="56D15CBD-CA26-61E3-D78C-8417A6882A20" otype="FKIndexAssociation" vid_source="B8E126CD-42C1-D64F-C3BC-65694AD40AF5" vid_target="98802B62-B1AB-D3B3-E1CE-68C67B86A948">
<hideElementsInCurrentOnly>false</hideElementsInCurrentOnly>
<backgroundColor>-16777216</backgroundColor>
<lineWidth>1</lineWidth>
<centerLabel class="oracle.dbtools.crest.model.design.Label">
<site>1</site>
<labelBounds x="-69" y="-16" width="136" height="30"/>
<noBackgroundColor>true</noBackgroundColor>
<noForegroundColor>true</noForegroundColor>
</centerLabel>
<points>
<point x="490" y="561"/>
<point x="490" y="614"/>
</points>
</Connector>
<Connector class="oracle.dbtools.crest.swingui.relational.TVFKRelation" oid="803F4242-F248-9F9F-5C39-A58E2CAEB06C" otype="FKIndexAssociation" vid_source="1B605DDE-7CBE-B7F7-0CB7-76E4CCE858CE" vid_target="BF021A78-F1E6-2519-410F-38C36F9AFFD3">
<hideElementsInCurrentOnly>false</hideElementsInCurrentOnly>
<backgroundColor>-16777216</backgroundColor>
<lineWidth>1</lineWidth>
<centerLabel class="oracle.dbtools.crest.model.design.Label">
<site>1</site>
<labelBounds x="-42" y="-16" width="83" height="30"/>
<noBackgroundColor>true</noBackgroundColor>
<noForegroundColor>true</noForegroundColor>
</centerLabel>
<points>
<point x="200" y="610"/>
<point x="200" y="554"/>
</points>
</Connector>
<Connector class="oracle.dbtools.crest.swingui.relational.TVFKRelation" oid="B2F6B1CE-41E7-EFFB-3B2F-24830514416A" otype="FKIndexAssociation" vid_source="B8E126CD-42C1-D64F-C3BC-65694AD40AF5" vid_target="FC054A85-E414-9EF5-7074-FC9BAC3E428D">
<hideElementsInCurrentOnly>false</hideElementsInCurrentOnly>
<backgroundColor>-16777216</backgroundColor>
<lineWidth>1</lineWidth>
<centerLabel class="oracle.dbtools.crest.model.design.Label">
<site>1</site>
<labelBounds x="-71" y="-16" width="141" height="30"/>
<noBackgroundColor>true</noBackgroundColor>
<noForegroundColor>true</noForegroundColor>
</centerLabel>
<points>
<point x="479" y="451"/>
<point x="479" y="350"/>
</points>
</Connector>
<Connector class="oracle.dbtools.crest.swingui.relational.TVFKRelation" oid="BB855C77-19CE-86CF-0FE8-C89236AB7D38" otype="FKIndexAssociation" vid_source="B8E126CD-42C1-D64F-C3BC-65694AD40AF5" vid_target="BF021A78-F1E6-2519-410F-38C36F9AFFD3">
<hideElementsInCurrentOnly>false</hideElementsInCurrentOnly>
<backgroundColor>-16777216</backgroundColor>
<lineWidth>1</lineWidth>
<centerLabel class="oracle.dbtools.crest.model.design.Label">
<site>1</site>
<labelBounds x="-49" y="-16" width="97" height="30"/>
<noBackgroundColor>true</noBackgroundColor>
<noForegroundColor>true</noForegroundColor>
</centerLabel>
<points>
<point x="395" y="502"/>
<point x="280" y="502"/>
</points>
</Connector>
</connectors>
</Diagram>