<?xml version = '1.0' encoding = 'UTF-8'?>
<Diagram class="oracle.dbtools.crest.swingui.logical.DPVLogical" name="Logical" id="D881F177-4735-5FA1-DC7E-9BE9F81036A3">
<createdBy>student</createdBy>
<modifiedBy>student</modifiedBy>
<createdTime>2022-11-04 10:07:15 UTC</createdTime>
<autoRoute>false</autoRoute>
<boxInbox>true</boxInbox>
<showLegend>false</showLegend>
<showLabels>true</showLabels>
<showRelAttributes>false</showRelAttributes>
<gridEnabled>false</gridEnabled>
<showGrid>false</showGrid>
<diagramColor>-1</diagramColor>
<display>false</display>
<notation>1</notation>
<objectViews>
<OView class="oracle.dbtools.crest.swingui.logical.TVEntity" oid="0055680F-6F38-FFD2-9296-653BE6AB1144" otype="Entity" vid="33893792-97A1-0DE0-D322-C1333DABC76C">
<hideElementsInCurrentOnly>false</hideElementsInCurrentOnly>
<bounds x="1016" y="251" width="132" height="57"/>
</OView>
<OView class="oracle.dbtools.crest.swingui.logical.TVEntity" oid="6BD63C2C-54A4-8150-076D-16E10264CB06" otype="Entity" vid="776F7A86-AC11-0DDB-1765-C5CC7F8090D6">
<hideElementsInCurrentOnly>false</hideElementsInCurrentOnly>
<bounds x="619" y="461" width="111" height="59"/>
</OView>
<OView class="oracle.dbtools.crest.swingui.logical.TVEntity" oid="7119FB16-94B8-F805-8E02-A9129648C2DA" otype="Entity" vid="39213A1B-277D-6701-3615-59D603D18C58">
<hideElementsInCurrentOnly>false</hideElementsInCurrentOnly>
<bounds x="799" y="98" width="141" height="112"/>
</OView>
<OView class="oracle.dbtools.crest.swingui.logical.TVEntity" oid="7D7A2311-EBBA-D010-41AD-1C83162840F5" otype="Entity" vid="AA191F51-E37D-A5AA-624F-A9156791BC86">
<hideElementsInCurrentOnly>false</hideElementsInCurrentOnly>
<bounds x="815" y="308" width="111" height="40"/>
</OView>
<OView class="oracle.dbtools.crest.swingui.logical.TVEntity" oid="96296F84-28B1-1860-6CF3-91DDABCE8D52" otype="Entity" vid="4EA57D32-3338-5A32-B90E-C400F2C15AAB">
<hideElementsInCurrentOnly>false</hideElementsInCurrentOnly>
<bounds x="816" y="439" width="107" height="99"/>
</OView>
<OView class="oracle.dbtools.crest.swingui.logical.TVEntity" oid="9C0CFF72-43C0-68D1-9EB0-19E8CAB138AF" otype="Entity" vid="C0A8688E-987E-95E9-69AC-88A3F5A23541">
<hideElementsInCurrentOnly>false</hideElementsInCurrentOnly>
<bounds x="609" y="292" width="106" height="70"/>
</OView>
<OView class="oracle.dbtools.crest.swingui.logical.TVEntity" oid="A475D65C-BEAC-C806-ACB0-FD02B8DD6BF7" otype="Entity" vid="C9F0482B-C929-12A5-D0A3-3C651374E153">
<hideElementsInCurrentOnly>false</hideElementsInCurrentOnly>
<bounds x="1013" y="367" width="137" height="56"/>
</OView>
</objectViews>
<connectors>
<Connector class="oracle.dbtools.crest.swingui.logical.TVRelation" oid="0035BA67-8E20-5CF9-D309-F521B0318CD6" otype="Relation" vid_source="AA191F51-E37D-A5AA-624F-A9156791BC86" vid_target="39213A1B-277D-6701-3615-59D603D18C58">
<hideElementsInCurrentOnly>false</hideElementsInCurrentOnly>
<backgroundColor>-16777216</backgroundColor>
<lineWidth>1</lineWidth>
<sourceLabel class="oracle.dbtools.crest.model.design.Label">
<site>0</site>
<labelBounds x="870" y="272" width="67" height="30"/>
<noBackgroundColor>true</noBackgroundColor>
<noForegroundColor>true</noForegroundColor>
</sourceLabel>
<targetLabel class="oracle.dbtools.crest.model.design.Label">
<site>2</site>
<labelBounds x="870" y="246" width="74" height="20"/>
<noBackgroundColor>true</noBackgroundColor>
<noForegroundColor>true</noForegroundColor>
</targetLabel>
<points>
<point x="870" y="308"/>
<point x="870" y="210"/>
</points>
</Connector>
<Connector class="oracle.dbtools.crest.swingui.logical.TVRelation" oid="13E23C37-84A1-7671-9EEB-76A3CB5AA944" otype="Relation" vid_source="33893792-97A1-0DE0-D322-C1333DABC76C" vid_target="AA191F51-E37D-A5AA-624F-A9156791BC86">
<hideElementsInCurrentOnly>false</hideElementsInCurrentOnly>
<backgroundColor>-16777216</backgroundColor>
<lineWidth>1</lineWidth>
<sourceLabel class="oracle.dbtools.crest.model.design.Label">
<site>0</site>
<labelBounds x="960" y="314" width="50" height="30"/>
<noBackgroundColor>true</noBackgroundColor>
<noForegroundColor>true</noForegroundColor>
</sourceLabel>
<targetLabel class="oracle.dbtools.crest.model.design.Label">
<site>2</site>
<labelBounds x="936" y="275" width="52" height="30"/>
<noBackgroundColor>true</noBackgroundColor>
<noForegroundColor>true</noForegroundColor>
</targetLabel>
<points>
<point x="1016" y="308"/>
<point x="926" y="308"/>
</points>
</Connector>
<Connector class="oracle.dbtools.crest.swingui.logical.TVRelation" oid="4777CC5E-4CE6-A258-A2B8-5633936DC973" otype="Relation" vid_source="776F7A86-AC11-0DDB-1765-C5CC7F8090D6" vid_target="C0A8688E-987E-95E9-69AC-88A3F5A23541">
<hideElementsInCurrentOnly>false</hideElementsInCurrentOnly>
<backgroundColor>-16777216</backgroundColor>
<lineWidth>1</lineWidth>
<sourceLabel class="oracle.dbtools.crest.model.design.Label">
<site>0</site>
<labelBounds x="667" y="425" width="63" height="30"/>
<noBackgroundColor>true</noBackgroundColor>
<noForegroundColor>true</noForegroundColor>
</sourceLabel>
<targetLabel class="oracle.dbtools.crest.model.design.Label">
<site>2</site>
<labelBounds x="667" y="398" width="95" height="30"/>
<noBackgroundColor>true</noBackgroundColor>
<noForegroundColor>true</noForegroundColor>
</targetLabel>
<points>
<point x="667" y="461"/>
<point x="667" y="362"/>
</points>
</Connector>
<Connector class="oracle.dbtools.crest.swingui.logical.TVRelation" oid="927A6156-F5C2-8F19-5E83-EC39C21B71E2" otype="Relation" vid_source="C9F0482B-C929-12A5-D0A3-3C651374E153" vid_target="AA191F51-E37D-A5AA-624F-A9156791BC86">
<hideElementsInCurrentOnly>false</hideElementsInCurrentOnly>
<backgroundColor>-16777216</backgroundColor>
<lineWidth>1</lineWidth>
<sourceLabel class="oracle.dbtools.crest.model.design.Label">
<site>0</site>
<labelBounds x="953" y="373" width="54" height="30"/>
<noBackgroundColor>true</noBackgroundColor>
<noForegroundColor>true</noForegroundColor>
</sourceLabel>
<targetLabel class="oracle.dbtools.crest.model.design.Label">
<site>2</site>
<labelBounds x="936" y="345" width="52" height="30"/>
<noBackgroundColor>true</noBackgroundColor>
<noForegroundColor>true</noForegroundColor>
</targetLabel>
<points>
<point x="1013" y="373"/>
<point x="926" y="345"/>
</points>
</Connector>
<Connector class="oracle.dbtools.crest.swingui.logical.TVRelation" oid="962C2DDB-6521-8F1B-9836-0CC28A404D7F" otype="Relation" vid_source="AA191F51-E37D-A5AA-624F-A9156791BC86" vid_target="C0A8688E-987E-95E9-69AC-88A3F5A23541">
<hideElementsInCurrentOnly>false</hideElementsInCurrentOnly>
<backgroundColor>-16777216</backgroundColor>
<lineWidth>1</lineWidth>
<sourceLabel class="oracle.dbtools.crest.model.design.Label">
<site>0</site>
<labelBounds x="757" y="298" width="52" height="30"/>
<noBackgroundColor>true</noBackgroundColor>
<noForegroundColor>true</noForegroundColor>
</sourceLabel>
<targetLabel class="oracle.dbtools.crest.model.design.Label">
<site>2</site>
<labelBounds x="725" y="331" width="95" height="30"/>
<noBackgroundColor>true</noBackgroundColor>
<noForegroundColor>true</noForegroundColor>
</targetLabel>
<points>
<point x="815" y="328"/>
<point x="715" y="328"/>
</points>
</Connector>
<Connector class="oracle.dbtools.crest.swingui.logical.TVRelation" oid="C99D81D2-9529-DF26-C9EC-E6A5506373D7" otype="Relation" vid_source="AA191F51-E37D-A5AA-624F-A9156791BC86" vid_target="4EA57D32-3338-5A32-B90E-C400F2C15AAB">
<hideElementsInCurrentOnly>false</hideElementsInCurrentOnly>
<backgroundColor>-16777216</backgroundColor>
<lineWidth>1</lineWidth>
<sourceLabel class="oracle.dbtools.crest.model.design.Label">
<site>0</site>
<labelBounds x="869" y="400" width="39" height="14"/>
<noBackgroundColor>true</noBackgroundColor>
<noForegroundColor>true</noForegroundColor>
</sourceLabel>
<targetLabel class="oracle.dbtools.crest.model.design.Label">
<site>2</site>
<labelBounds x="869" y="402" width="37" height="31"/>
<noBackgroundColor>true</noBackgroundColor>
<noForegroundColor>true</noForegroundColor>
</targetLabel>
<points>
<point x="869" y="348"/>
<point x="869" y="439"/>
</points>
</Connector>
</connectors>
</Diagram>