<?xml version = '1.0' encoding = 'UTF-8'?>
<Table class="oracle.dbtools.crest.model.design.relational.Table" directorySegmentName="seg_0" id="221AB643-5FBE-EED8-305A-4CC34A980B38" name="Animal_Type">
<createdBy>llari</createdBy>
<createdTime>2022-12-12 19:03:49 UTC</createdTime>
<comment><![CDATA[generic type of animals wich help to identify characteristics of an animal]]></comment>
<commentInRDBMS><![CDATA[generic type of animals wich help to identify characteristics of an animal]]></commentInRDBMS>
<generatorID>A475D65C-BEAC-C806-ACB0-FD02B8DD6BF7</generatorID>
<ownerDesignName>Ceva bun</ownerDesignName>
<allowColumnReorder>false</allowColumnReorder>
<existDependencyGenerateInDDl>true</existDependencyGenerateInDDl>
<parsed>true</parsed>
<columns itemClass="oracle.dbtools.crest.model.design.relational.Column">
<Column name="ID_Animal_Type" id="A1EABB6A-032F-1758-90C4-D8D44FB5E186">
<createdBy>llari</createdBy>
<createdTime>2022-12-12 19:03:49 UTC</createdTime>
<generatorID>62166999-A768-AD9B-47D3-3AF38468C38B</generatorID>
<ownerDesignName>Ceva bun</ownerDesignName>
<useDomainConstraints>false</useDomainConstraints>
<use>1</use>
<logicalDatatype>LOGDT019</logicalDatatype>
<dataTypePrecision>2</dataTypePrecision>
<ownDataTypeParameters>,2,</ownDataTypeParameters>
<autoIncrementColumn>true</autoIncrementColumn>
<autoIncrementCycle>false</autoIncrementCycle>
</Column>
<Column name="Type_Animal" id="4953735C-4101-69DA-06C4-D420205F6EEB">
<createdBy>llari</createdBy>
<createdTime>2022-12-12 19:03:49 UTC</createdTime>
<generatorID>94EBE8CB-A471-F3CE-AB8E-3C4A1695F932</generatorID>
<ownerDesignName>Ceva bun</ownerDesignName>
<useDomainConstraints>false</useDomainConstraints>
<use>1</use>
<logicalDatatype>LOGDT024</logicalDatatype>
<dataTypeSize>50</dataTypeSize>
<listOfValues>
<valueDef value="Arachnids" description=""/>
<valueDef value="Bird" description=""/>
<valueDef value="Canine" description=""/>
<valueDef value="Feline" description=""/>
<valueDef value="Fish" description=""/>
<valueDef value="Insect" description=""/>
<valueDef value="Reptiles" description=""/>
<valueDef value="Rodent" description=""/>
</listOfValues>
<ownDataTypeParameters>50,,</ownDataTypeParameters>
<autoIncrementCycle>false</autoIncrementCycle>
</Column>
</columns>
<indexes itemClass="oracle.dbtools.crest.model.design.relational.Index">
<ind_PK_UK id="29FB784D-0FE3-6AF3-BF5D-5569D37838E7" name="Animal_Type_PK">
<createdBy>llari</createdBy>
<createdTime>2022-12-12 19:03:49 UTC</createdTime>
<generatorID>A58F3AB2-2B20-23F0-8BC7-AF595302B033</generatorID>
<ownerDesignName>Ceva bun</ownerDesignName>
<pk>true</pk>
<indexState>Primary Constraint</indexState>
<isSurrogateKey>false</isSurrogateKey>
<indexColumnUsage>
<colUsage columnID="A1EABB6A-032F-1758-90C4-D8D44FB5E186"/>
</indexColumnUsage>
</ind_PK_UK>
<ind_PK_UK id="1D90BA1A-BC8B-070D-130B-FD7AAAB70BE1" name="AnimalType_TypeAnimal_uk">
<createdBy>llari</createdBy>
<createdTime>2022-12-12 19:03:49 UTC</createdTime>
<generatorID>ED760C8A-31B7-20CA-6804-29F0E3EEB812</generatorID>
<ownerDesignName>Ceva bun</ownerDesignName>
<indexState>Unique Constraint</indexState>
<isSurrogateKey>false</isSurrogateKey>
<indexColumnUsage>
<colUsage columnID="4953735C-4101-69DA-06C4-D420205F6EEB"/>
</indexColumnUsage>
</ind_PK_UK>
</indexes>
</Table>