<?xml version = '1.0' encoding = 'UTF-8'?>
<Table class="oracle.dbtools.crest.model.design.relational.Table" directorySegmentName="seg_0" id="283622BB-1818-3CF5-19BC-FCC458B94005" name="Food">
<createdBy>llari</createdBy>
<createdTime>2022-12-12 19:03:49 UTC</createdTime>
<comment><![CDATA[food actually contains types of food available for animals]]></comment>
<commentInRDBMS><![CDATA[food actually contains types of food available for animals]]></commentInRDBMS>
<generatorID>6BD63C2C-54A4-8150-076D-16E10264CB06</generatorID>
<ownerDesignName>Ceva bun</ownerDesignName>
<allowColumnReorder>false</allowColumnReorder>
<existDependencyGenerateInDDl>true</existDependencyGenerateInDDl>
<parsed>true</parsed>
<columns itemClass="oracle.dbtools.crest.model.design.relational.Column">
<Column name="ID_Food" id="A73A733B-64F7-A87D-11C5-18A38AFA722D">
<createdBy>llari</createdBy>
<createdTime>2022-12-12 19:03:49 UTC</createdTime>
<generatorID>9EE9C165-E421-09C4-30D5-D4B6BDC7777A</generatorID>
<ownerDesignName>Ceva bun</ownerDesignName>
<useDomainConstraints>false</useDomainConstraints>
<use>1</use>
<logicalDatatype>LOGDT019</logicalDatatype>
<dataTypePrecision>2</dataTypePrecision>
<ownDataTypeParameters>,2,</ownDataTypeParameters>
<autoIncrementColumn>true</autoIncrementColumn>
<autoIncrementCycle>false</autoIncrementCycle>
</Column>
<Column name="Food_Type" id="6EA6E2B5-8542-BC64-3739-8289DBFE881A">
<createdBy>llari</createdBy>
<createdTime>2022-12-12 19:03:49 UTC</createdTime>
<generatorID>656E7282-EA6C-8151-59AC-5C34411E49CC</generatorID>
<ownerDesignName>Ceva bun</ownerDesignName>
<constraintName>Food_Food_Type_ck</constraintName>
<useDomainConstraints>false</useDomainConstraints>
<use>1</use>
<logicalDatatype>LOGDT024</logicalDatatype>
<dataTypeSize>50</dataTypeSize>
<checkConstraint>
<implementationDef dbType="Generic Constraint" definition="regexp_like(Food_Type, &apos;^[a-zA-Z_ ]*$&apos; )"/>
</checkConstraint>
<ownDataTypeParameters>50,,</ownDataTypeParameters>
<autoIncrementCycle>false</autoIncrementCycle>
</Column>
</columns>
<indexes itemClass="oracle.dbtools.crest.model.design.relational.Index">
<ind_PK_UK id="20E45DEF-8A78-CF2D-81DF-636CF8F837E3" name="Food_PK">
<createdBy>llari</createdBy>
<createdTime>2022-12-12 19:03:49 UTC</createdTime>
<generatorID>77601F8D-D17C-CE80-7129-909EB4CB5985</generatorID>
<ownerDesignName>Ceva bun</ownerDesignName>
<pk>true</pk>
<indexState>Primary Constraint</indexState>
<isSurrogateKey>false</isSurrogateKey>
<indexColumnUsage>
<colUsage columnID="A73A733B-64F7-A87D-11C5-18A38AFA722D"/>
</indexColumnUsage>
</ind_PK_UK>
</indexes>
</Table>